,City Name,Date,Long,Lat,Temp,Humid,Wind,clouds,Country
0,Muisne,1608352278,-80.03,0.6,73.15,92,4.68,99,EC
1,Saldanha,1608352278,17.94,-33.01,59.0,87,5.82,0,ZA
2,Cape Town,1608352276,18.42,-33.93,66.0,88,11.41,0,ZA
3,Constitución,1608352278,-72.42,-35.33,52.12,90,6.06,15,CL
4,College,1608352161,-147.8,64.86,-11.99,68,4.7,40,US
5,Khatanga,1608352278,102.5,71.97,-18.87,86,5.95,92,RU
6,Ponta do Sol,1608352215,-17.1,32.67,61.0,72,3.36,20,PT
7,Saskylakh,1608352278,114.08,71.92,-28.53,83,9.26,93,RU
8,Mataura,1608352254,168.86,-46.19,64.0,93,1.01,100,NZ
9,Sangar,1608352278,127.47,63.92,-41.39,79,4.99,83,RU
10,Caravelas,1608352279,-39.25,-17.71,74.61,92,4.29,50,BR
11,Aksu,1608352279,80.26,41.12,24.35,87,2.35,0,CN
12,Muzhi,1608352279,64.67,65.37,7.2,90,11.16,66,RU
13,Marzuq,1608352279,46.47,14.4,68.22,67,1.1,61,YE
14,Drayton Valley,1608352279,-114.99,53.22,31.89,87,12.55,99,CA
15,Norman Wells,1608352279,-126.83,65.28,-47.2,63,2.24,75,CA
16,Hithadhoo,1608352279,73.08,-0.6,82.33,69,4.81,40,MV
17,Hobart,1608352255,147.33,-42.88,57.99,50,14.99,75,AU
18,Cayenne,1608352279,-52.33,4.93,75.2,100,13.02,90,GF
19,Gusau,1608352279,6.66,12.16,64.35,29,7.65,0,NG
20,Rikitea,1608352279,-134.97,-23.12,78.12,77,21.23,0,PF
21,Qaanaaq,1608352194,-69.36,77.48,-1.91,84,0.96,14,GL
22,Kez,1608352280,53.72,57.9,-2.61,92,5.08,16,RU
23,Bethel,1608352120,-73.41,41.37,19.0,91,5.55,0,US
24,Warrington,1608352051,-2.58,53.39,51.01,87,13.87,100,GB
25,Puerto Ayora,1608352280,-90.35,-0.74,71.01,94,5.95,33,EC
26,Broken Hill,1608352108,141.43,-31.95,78.8,13,8.05,7,AU
27,Albany,1608352158,-73.97,42.6,12.0,91,3.36,1,US
28,Souillac,1608352280,57.52,-20.52,80.6,83,11.41,40,MU
29,Ushuaia,1608352209,-68.3,-54.8,46.4,49,8.05,40,AR
30,Butaritari,1608352280,172.79,3.07,81.77,81,13.15,100,KI
31,Bayan,1608352280,127.4,46.08,3.99,88,10.33,0,CN
32,Mossamedes,1608352280,12.15,-15.2,66.22,78,5.08,78,AO
33,Priiskovyy,1608352280,116.63,51.93,0.99,87,2.62,0,RU
34,Micheweni,1608352281,39.83,-4.97,82.76,68,4.45,48,TZ
35,Port Elizabeth,1608352281,25.57,-33.92,68.0,100,8.05,90,ZA
36,Tautira,1608352281,-149.15,-17.73,82.4,74,11.41,75,PF
37,Prince Albert,1608352208,-105.77,53.2,-5.8,70,9.17,90,CA
38,Yamada,1608352281,141.95,39.47,29.19,80,21.54,19,JP
39,Ayan,1608352281,138.17,56.45,-5.94,86,15.57,100,RU
40,Te Anau,1608352281,167.72,-45.42,58.32,91,3.09,100,NZ
41,Vaini,1608352281,-175.2,-21.2,78.8,94,14.99,90,TO
42,North Bend,1608352281,-124.22,43.41,53.01,93,13.87,90,US
43,Plettenberg Bay,1608352181,23.37,-34.05,65.71,83,1.74,0,ZA
44,Hamilton,1608352281,-84.53,39.18,33.01,80,3.36,1,US
45,Hermanus,1608352281,19.23,-34.42,66.99,82,4.0,5,ZA
46,São Filipe,1608352281,-24.5,14.9,72.12,76,12.82,79,CV
47,Wonthaggi,1608352282,145.59,-38.6,68.0,54,9.89,44,AU
48,Makakilo City,1608352282,-158.09,21.35,78.8,57,8.05,1,US
49,Punta Arenas,1608352282,-70.92,-53.15,48.2,76,8.05,97,CL
50,East London,1608352282,27.91,-33.02,69.8,100,5.82,90,ZA
51,Cabo San Lucas,1608352054,-109.91,22.89,66.2,72,6.71,20,MX
52,Castro,1608352241,-50.01,-24.79,62.78,95,3.02,1,BR
53,Tiarei,1608352282,-149.33,-17.53,82.4,74,11.41,75,PF
54,Kainantu,1608352282,145.87,-6.29,73.8,71,1.57,100,PG
55,Avarua,1608352282,-159.78,-21.21,80.6,83,10.29,100,CK
56,Price,1608352282,-110.81,39.6,28.4,58,10.29,1,US
57,Saint Anthony,1608352282,-93.22,45.02,35.6,74,9.17,90,US
58,Nikolskoye,1608352283,30.79,59.7,33.8,98,2.24,90,RU
59,Simbahan,1608352283,120.58,6.3,81.84,80,13.29,59,PH
60,Mar del Plata,1608352283,-57.56,-38.0,68.0,88,6.93,0,AR
61,Springfield,1608351985,-93.3,37.22,45.0,56,12.75,20,US
62,Ulaangom,1608352283,92.07,49.98,-5.24,88,1.1,77,MN
63,Villa Bruzual,1608352283,-69.12,9.33,72.86,84,5.75,40,VE
64,Yulara,1608352283,130.99,-25.24,98.6,20,13.87,1,AU
65,Cabedelo,1608352283,-34.83,-6.98,78.8,83,5.82,20,BR
66,Lagoa,1608352283,-27.98,39.05,60.17,77,9.04,72,PT
67,Vao,1608352284,167.48,-22.67,75.92,73,16.31,1,NC
68,Ukiah,1608352179,-123.21,39.15,45.0,81,3.27,1,US
69,São João da Barra,1608352284,-41.05,-21.64,73.69,93,4.68,96,BR
70,Yellowknife,1608352137,-114.35,62.46,-29.2,73,10.29,90,CA
71,Kapaa,1608352284,-159.32,22.08,78.8,74,17.22,75,US
72,Atuona,1608352284,-139.03,-9.8,78.64,76,16.75,89,PF
73,Bluff,1608352284,168.33,-46.6,64.0,93,1.01,100,NZ
74,Lebu,1608352284,-73.65,-37.62,53.38,89,6.29,100,CL
75,Arraial do Cabo,1608352209,-42.03,-22.97,74.37,91,9.8,77,BR
76,Provideniya,1608352284,-173.3,64.38,4.71,90,16.98,98,RU
77,Manicoré,1608352284,-61.3,-5.81,75.2,100,2.24,0,BR
78,Lárdos,1608352284,28.02,36.09,57.99,87,3.76,20,GR
79,New Norfolk,1608352188,147.06,-42.78,59.0,44,1.01,98,AU
80,Kahului,1608352092,-156.47,20.89,73.4,73,17.22,40,US
81,Arrondissement de Morlaix,1608352285,-4.0,48.58,51.8,87,19.46,81,FR
82,Touros,1608352285,-35.46,-5.2,77.0,83,9.17,20,BR
83,Port Lincoln,1608352285,135.87,-34.73,65.14,51,11.48,3,AU
84,Mumford,1608352285,-0.76,5.26,78.35,87,8.1,63,GH
85,Cidreira,1608352285,-50.21,-30.18,72.66,85,19.6,13,BR
86,Sakakah,1608352285,40.21,29.97,46.4,87,6.42,0,SA
87,Khuzhir,1608352285,107.34,53.19,26.42,87,12.53,53,RU
88,Camacupa,1608352285,17.48,-12.02,62.11,97,2.66,100,AO
89,Lompoc,1608352048,-120.46,34.64,48.0,87,4.7,1,US
90,Atambua,1608352286,124.89,-9.11,79.74,81,10.27,95,ID
91,Ust-Maya,1608352286,134.53,60.42,-28.66,84,1.14,100,RU
92,Thompson,1608352286,-97.86,55.74,-22.0,74,4.7,5,CA
93,Youghal,1608352286,-7.85,51.95,46.99,93,11.41,75,IE
94,Carauari,1608352029,-66.9,-4.88,72.12,97,1.12,98,BR
95,Lorengau,1608352286,147.27,-2.02,85.24,73,7.2,85,PG
96,Launceston,1608352268,147.17,-41.45,69.01,42,11.41,75,AU
97,Airai,1608352286,125.41,-8.93,69.13,92,4.92,89,TL
98,Deputatsky,1608352286,139.9,69.3,-24.09,88,3.31,100,RU
99,Barrow,1608352242,-156.79,71.29,-7.6,83,14.99,1,US
100,Oniceni,1608352286,27.15,46.82,37.4,100,1.41,75,RO
101,Saint-Philippe,1608352287,55.77,-21.36,82.4,65,5.82,0,RE
102,Farafangana,1608352287,47.83,-22.82,80.42,76,8.97,45,MG
103,Nuuk,1608352287,-51.72,64.18,23.0,73,10.29,100,GL
104,Aripuanã,1608352287,-60.63,-9.17,73.27,89,1.7,90,BR
105,Alihe,1608352287,123.72,50.57,3.67,75,4.0,0,CN
106,Torbay,1608352287,-52.73,47.67,35.01,97,19.46,90,CA
107,Tuatapere,1608352287,167.68,-46.13,64.0,93,1.01,100,NZ
108,Upernavik,1608352287,-56.15,72.79,6.21,94,12.8,100,GL
109,Lavrentiya,1608352287,-171.0,65.58,6.39,89,19.35,98,RU
110,Port Alfred,1608352287,26.89,-33.59,70.0,98,1.01,92,ZA
111,Dori,1608352287,-0.03,14.04,72.55,23,7.83,21,BF
112,Jamestown,1608352287,-79.24,42.1,19.99,92,4.7,75,US
113,Lashio,1608352288,97.75,22.93,74.39,53,2.71,20,MM
114,Saint Paul Harbor,1608352288,-152.41,57.79,26.6,92,6.93,90,US
115,Sorong,1608352288,131.25,-0.88,86.36,70,13.2,82,ID
116,Garissa,1608352288,39.64,-0.45,78.12,73,6.62,13,KE
117,Stănileşti,1608352288,28.17,46.62,37.4,93,4.7,90,RO
118,Minas,1608352288,-55.24,-34.38,73.0,83,11.41,0,UY
119,Planá,1608352288,12.74,49.87,34.0,94,5.01,9,CZ
120,Ribeira Grande,1608352288,-28.7,38.52,61.05,78,10.22,95,PT
121,Busselton,1608352184,115.33,-33.65,84.99,38,5.01,0,AU
122,Ancud,1608352288,-73.82,-41.87,53.01,87,2.24,0,CL
123,Alexandria,1608352288,29.96,31.22,53.6,87,2.24,20,EG
124,Port-Cartier,1608352017,-66.87,50.03,17.6,78,3.36,0,CA
125,Ballina,1608352289,153.57,-28.87,84.2,74,13.87,40,AU
126,Kruisfontein,1608352289,24.73,-34.0,69.01,87,1.01,9,ZA
127,Koutiala,1608352289,-5.46,12.39,69.69,26,7.16,26,ML
128,Vila Franca do Campo,1608352289,-25.43,37.72,59.0,77,10.29,40,PT
129,Vanderhoof,1608352289,-124.02,54.02,37.51,78,16.42,100,CA
130,Corn Island,1608352289,-83.04,12.17,81.03,77,18.75,15,NI
131,Cherskiy,1608352289,161.3,68.75,-25.85,86,2.21,0,RU
132,Porto-Vecchio,1608352289,9.28,41.59,57.2,87,10.29,90,FR
133,Laguna,1608352289,-121.42,38.42,45.0,81,1.7,1,US
134,Orlik,1608352289,99.83,52.52,5.9,82,2.21,41,RU
135,Husavik,1608352290,-17.34,66.04,33.8,86,13.87,90,IS
136,Salalah,1608352290,54.09,17.02,71.6,78,2.24,20,OM
137,Carnarvon,1608352290,113.63,-24.87,80.6,69,19.46,0,AU
138,São Francisco,1608352290,-44.86,-15.95,71.6,70,2.24,100,BR
139,Port Hardy,1608352290,-127.42,50.7,46.4,87,11.41,5,CA
140,Lüderitz,1608352226,15.16,-26.65,57.2,93,2.24,0,NA
141,Sitka,1608352290,-135.33,57.05,42.8,75,10.29,90,US
142,San Cristobal,1608352220,-72.22,7.77,63.54,84,1.63,38,VE
143,Esim,1608352290,-2.24,4.87,77.83,87,6.49,80,GH
144,Bilma,1608352290,12.92,18.69,60.93,32,7.54,14,NE
145,Naze,1608352009,129.48,28.37,60.8,87,12.75,75,JP
146,Sur,1608352290,59.53,22.57,71.46,54,0.49,50,OM
147,Thinadhoo,1608352290,72.93,0.53,82.47,67,1.81,81,MV
148,Iguape,1608352291,-47.56,-24.71,73.11,93,2.39,30,BR
149,Taoudenni,1608352291,-3.98,22.68,55.96,39,11.48,0,ML
150,Ürümqi,1608352246,87.6,43.8,-0.4,84,2.24,0,CN
151,George Town,1608352291,100.34,5.41,84.2,74,4.7,20,MY
152,Uelzen,1608352291,10.57,52.97,37.0,100,4.7,75,DE
153,Dikson,1608352291,80.55,73.51,-21.28,89,6.13,100,RU
154,Puerto Princesa City,1608352291,118.74,9.74,84.2,74,4.7,90,PH
155,Capitão Poço,1608352154,-47.06,-1.75,73.35,95,3.49,75,BR
156,Encruzilhada,1608352291,-40.91,-15.53,64.81,95,1.52,20,BR
157,Fomboni,1608352291,43.74,-12.28,83.34,64,4.41,97,KM
158,Tuktoyaktuk,1608352291,-133.04,69.45,-23.8,74,6.93,40,CA
159,Chokurdakh,1608352291,147.92,70.63,-19.19,88,5.12,26,RU
160,Dumas,1608352292,-101.97,35.87,35.01,86,14.99,1,US
161,Diego de Almagro,1608352292,-70.05,-26.37,55.08,52,1.1,0,CL
162,Wodonga,1608352292,146.88,-36.12,81.0,20,12.75,12,AU
163,Fort Nelson,1608352206,-122.7,58.81,-13.0,69,2.24,90,CA
164,Yumen,1608352292,97.2,40.28,20.75,83,7.56,10,CN
165,Bani Walid,1608352292,13.99,31.76,51.22,75,7.27,61,LY
166,Hueytown,1608352292,-87.0,33.45,39.2,64,4.7,1,US
167,Nishihara,1608352292,127.76,26.18,68.0,68,13.87,90,JP
168,Bathsheba,1608352292,-59.52,13.22,78.8,83,16.11,40,BB
169,Bredasdorp,1608352292,20.04,-34.53,62.6,88,2.24,72,ZA
170,Killybegs,1608352293,-8.45,54.63,43.0,90,10.0,47,IE
171,Fuxin,1608352293,121.66,42.02,17.51,77,5.08,0,CN
172,Kalemie,1608352293,29.19,-5.95,67.75,87,4.5,100,CD
173,Yangi Marg`ilon,1608352293,71.72,40.43,26.6,68,6.93,100,UZ
174,Tasiilaq,1608352293,-37.64,65.61,19.4,67,1.12,100,GL
175,Praia,1608352293,-23.51,14.92,71.6,68,20.8,20,CV
176,Opportunity,1608352293,-117.24,47.65,41.0,93,10.29,1,US
177,Clyde River,1608352293,-68.59,70.47,-13.0,83,6.93,1,CA
178,Bayshore Gardens,1608352293,-82.59,27.43,52.0,76,4.7,1,US
179,Leningradskiy,1608352293,178.42,69.38,11.93,94,22.55,100,RU
180,Hilo,1608352172,-155.09,19.73,73.4,83,13.87,75,US
181,Gwadar,1608352245,62.33,25.12,69.85,53,3.22,82,PK
182,Katsuura,1608352294,140.3,35.13,48.99,39,9.17,75,JP
183,Viedma,1608352216,-63.0,-40.81,66.99,77,5.99,100,AR
184,Rawson,1608352134,-65.1,-43.3,61.14,59,8.77,54,AR
185,Havøysund,1608352294,24.66,71.0,17.6,85,16.11,47,NO
186,Sarkand,1608352294,79.92,45.41,31.1,79,4.23,0,KZ
187,Banda Aceh,1608352295,95.32,5.56,83.64,70,14.36,84,ID
188,Knyaze-Volkonskoye,1608352295,135.46,48.46,-0.4,40,8.95,0,RU
189,Carballo,1608352295,-8.69,43.21,51.01,87,6.93,0,ES
190,Mahébourg,1608352295,57.7,-20.41,80.6,83,11.41,40,MU
191,Dingle,1608352295,122.67,11.0,82.49,85,10.74,82,PH
192,Celestún,1608352295,-90.4,20.87,71.94,84,12.66,0,MX
193,Pevek,1608352166,170.31,69.7,6.89,93,9.71,72,RU
194,Ettlingen,1608352295,8.41,48.94,37.99,95,1.45,3,DE
195,Yilan,1608352296,121.75,24.76,64.99,82,9.17,75,TW
196,Severo-Kuril'sk,1608352296,156.12,50.68,29.07,92,4.41,38,RU
197,Coquimbo,1608352296,-71.34,-29.95,57.2,76,6.93,0,CL
198,Puerto Escondido,1608352296,-97.07,15.85,78.8,69,3.85,40,MX
199,Gizo Government Station,1608352296,156.84,-8.1,84.88,71,5.84,27,SB
200,Iqaluit,1608352251,-68.51,63.75,-7.01,76,2.24,5,CA
201,Isangel,1608352296,169.27,-19.55,86.0,58,9.17,40,VU
202,Spring Hill,1608352296,-82.53,28.48,43.0,86,7.23,1,US
203,Baoding,1608352296,115.49,38.85,34.72,62,5.55,0,CN
204,Point Pedro,1608352296,80.23,9.82,80.01,81,19.04,78,LK
205,West Wendover,1608352296,-114.07,40.74,26.6,73,5.82,1,US
206,Bambous Virieux,1608352297,57.76,-20.34,80.6,83,11.41,40,MU
207,Kayerkan,1608352297,87.76,69.35,-9.4,83,6.71,40,RU
208,Kalinin,1608352297,39.51,47.25,30.2,86,4.47,75,RU
209,Jianning,1608352297,113.15,27.83,46.4,57,8.95,18,CN
210,Riyadh,1608352297,46.72,24.69,53.6,81,2.24,100,SA
211,Codrington,1608352297,141.97,-38.27,58.6,62,11.07,100,AU
212,Terrace,1608352206,-128.6,54.52,35.6,93,12.75,90,CA
213,Kolondiéba,1608352297,-6.89,11.09,70.65,31,4.14,70,ML
214,Port Moresby,1608352297,147.18,-9.44,91.4,59,17.22,40,PG
215,Kendari,1608352298,122.5,-3.94,87.78,58,3.85,100,ID
216,Hasaki,1608352298,140.83,35.73,48.0,39,8.05,75,JP
217,Nanortalik,1608352298,-45.24,60.14,24.31,92,9.46,100,GL
218,Saint George,1608352035,-113.58,37.1,39.99,44,8.05,1,US
219,Longyearbyen,1608352298,15.64,78.22,6.8,60,12.75,75,SJ
220,Kitimat,1608352298,-128.65,54.05,37.0,95,1.01,98,CA
221,Sukumo,1608352298,132.73,32.93,48.67,56,14.81,33,JP
222,Usakos,1608352298,15.6,-22.0,70.92,50,2.15,28,NA
223,Menongue,1608352298,17.69,-14.66,63.05,87,3.87,97,AO
224,Brighton,1608352140,-0.14,50.83,51.01,95,4.0,100,GB
225,Aykhal,1608352299,111.5,66.0,-22.0,74,4.47,90,RU
226,Gondanglegi,1608352299,112.01,-7.75,86.56,67,7.07,65,ID
227,Zyryanka,1608352299,150.85,65.75,-14.42,89,5.61,100,RU
228,Mairana,1608352299,-63.93,-18.12,57.61,100,3.67,36,BO
229,Hokitika,1608352299,170.97,-42.72,63.27,75,5.06,43,NZ
230,Sabang,1608352299,95.32,5.89,80.4,82,27.85,88,ID
231,Carthage,1608352299,10.33,36.86,60.8,87,4.7,75,TN
232,Acaraú,1608352299,-40.12,-2.89,80.6,74,1.12,20,BR
233,Acapulco de Juárez,1608352299,-99.89,16.86,77.61,68,4.83,53,MX
234,Hambantota,1608352300,81.12,6.12,80.6,88,11.41,75,LK
235,Sharjah city,1608352112,55.4,25.36,66.2,68,3.36,0,AE
236,Tiksi,1608352300,128.87,71.69,-22.65,87,7.76,100,RU
237,Chapais,1608352300,-74.85,49.78,5.0,71,5.82,1,CA
238,Mariehamn,1608352072,19.93,60.1,42.8,100,9.17,90,AX
239,Grindavik,1608352300,-22.43,63.84,35.6,74,23.04,0,IS
240,Kagal'nitskaya,1608352300,40.15,46.88,30.79,93,4.25,99,RU
241,Lalibela,1608352300,39.03,12.03,57.85,36,2.37,2,ET
242,Kathmandu,1608352136,85.32,27.72,51.8,62,2.24,20,NP
243,San Patricio,1608352300,-97.52,28.02,68.0,82,10.29,90,US
244,Luwuk,1608352300,122.79,-0.95,86.23,69,1.74,89,ID
245,Peniche,1608352301,-9.38,39.36,61.0,92,1.01,76,PT
246,Saint-Augustin,1608352089,-58.65,51.23,16.54,91,9.1,0,CA
247,Mocuba,1608352301,36.99,-16.84,79.41,77,4.25,100,MZ
248,Charters Towers,1608352301,146.27,-20.1,98.08,30,14.03,1,AU
249,The Valley,1608352301,-63.06,18.22,79.0,83,10.29,40,AI
250,Asău,1608352301,26.4,46.43,37.99,100,1.68,75,RO
251,Albertville,1608352016,-86.21,34.27,35.6,74,3.36,1,US
252,Chalon-sur-Saône,1608352155,4.85,46.78,50.0,85,8.99,1,FR
253,El Alto,1608352301,-81.21,-4.27,67.71,84,13.06,84,PE
254,Avera,1608352301,-82.53,33.19,33.8,100,4.79,1,US
255,Yen Bai,1608352160,104.87,21.7,63.03,40,2.89,76,VN
256,Acacoyagua,1608352301,-92.65,15.35,73.4,100,4.54,5,MX
257,Kleive,1608352302,7.64,62.8,48.2,66,10.29,100,NO
258,Bintulu,1608352302,113.03,3.17,84.2,79,5.82,40,MY
259,Esperance,1608352302,121.9,-33.87,78.8,31,4.7,0,AU
260,Pacific Grove,1608352020,-121.92,36.62,48.2,87,6.93,1,US
261,Zelenogorskiy,1608352302,87.0,55.03,21.2,62,13.42,40,RU
262,Tevaitoa,1608352302,-151.5,-16.78,81.03,70,5.53,98,PF
263,Ouargaye,1608352302,0.06,11.5,71.44,22,8.5,0,BF
264,Kaitangata,1608352302,169.85,-46.28,61.43,92,1.32,100,NZ
265,Geraldton,1608352239,114.6,-28.77,86.0,40,21.92,0,AU
266,Den Helder,1608352275,4.76,52.96,44.01,87,17.22,20,NL
267,Whitehorse,1608352302,-135.05,60.72,-4.0,76,0.92,90,CA
268,Miles City,1608352178,-105.84,46.41,26.6,79,11.41,1,US
269,Lander,1608352060,-108.73,42.83,26.6,67,3.36,1,US
270,Deder,1608352303,41.45,9.32,58.21,46,3.8,39,ET
271,Antofagasta,1608352046,-70.4,-23.65,64.4,77,10.29,90,CL
272,Noumea,1608352185,166.46,-22.28,84.2,51,20.8,75,NC
273,Phan Thiet,1608352009,108.1,10.93,83.53,67,10.25,99,VN
274,Waingapu,1608352303,120.26,-9.66,87.48,64,10.42,100,ID
275,Dulyapino,1608352303,40.81,57.26,19.4,79,8.95,90,RU
276,Nizhnyaya Poyma,1608352303,97.19,56.16,26.6,92,17.67,98,RU
277,Chapleau,1608352303,-83.4,47.84,27.88,95,15.26,100,CA
278,Hailar,1608352303,119.7,49.2,2.14,88,9.17,7,CN
279,Arrondissement de Dax,1608352304,-1.17,43.75,55.99,62,4.7,92,FR
280,Margate,1608352304,1.39,51.38,51.01,75,8.99,100,GB
281,Stary Oskol,1608352304,37.84,51.3,29.8,99,4.79,100,RU
282,Kirkwall,1608352304,-2.96,58.98,48.2,93,12.75,100,GB
283,Berlevåg,1608352304,29.09,70.86,23.86,95,9.82,79,NO
284,Pucallpa,1608352304,-74.55,-8.38,73.65,89,1.54,78,PE
285,Khovd,1608352251,91.64,48.01,4.8,81,1.95,0,MN
286,Faanui,1608352304,-151.75,-16.48,80.17,73,6.11,86,PF
287,Grahamstown,1608352304,26.53,-33.3,71.01,98,1.01,99,ZA
288,Chui,1608352304,-53.46,-33.7,68.77,81,12.01,4,UY
289,Mayo,1608352304,-76.51,38.89,32.0,93,5.82,1,US
290,Mount Gambier,1608352250,140.77,-37.83,66.2,48,5.82,75,AU
291,Ternate,1608352305,127.4,0.8,84.27,76,8.63,65,ID
292,Talnakh,1608352305,88.4,69.49,-9.4,83,6.71,40,RU
293,Pangai,1608352305,-174.35,-19.8,82.4,88,9.17,90,TO
294,Bilibino,1608352305,166.44,68.05,-11.25,86,5.79,19,RU
295,Torfyanoy,1608352305,49.2,58.49,-2.54,91,2.59,0,RU
296,Nevşehir,1608352171,34.67,38.92,37.4,93,3.36,0,TR
297,Shimoda,1608352305,138.95,34.67,51.8,53,10.29,75,JP
298,Klaksvík,1608352305,-6.59,62.23,42.8,100,17.22,4,FO
299,Lázaro Cárdenas,1608352305,-102.2,17.96,73.87,62,4.32,46,MX
300,Pemba,1608352306,40.52,-12.97,80.6,88,3.36,75,MZ
301,Broome,1608352306,-75.83,42.25,12.0,92,5.82,1,US
302,Nantucket,1608352179,-70.1,41.28,35.6,69,13.87,90,US
303,Paciran,1608352306,112.38,-6.88,85.62,67,9.06,92,ID
304,Talcahuano,1608352306,-73.12,-36.72,57.2,76,10.29,51,CL
305,Arlit,1608352306,7.39,18.74,66.34,26,6.85,41,NE
306,Indramayu,1608352306,108.32,-6.33,84.92,64,7.34,95,ID
307,Volchikha,1608352306,80.38,52.03,15.85,91,15.52,100,RU
308,Ahipara,1608352306,173.17,-35.17,70.14,62,4.56,16,NZ
309,Half Moon Bay,1608352306,-122.43,37.46,51.8,66,6.2,5,US
310,Novopokrovka,1608352307,36.55,49.84,30.2,100,4.47,90,UA
311,Qiongshan,1608352307,110.35,20.01,59.0,77,11.18,75,CN
312,Biak,1608352307,122.88,-0.91,84.76,70,0.83,86,ID
313,Wagar,1608352307,36.2,16.15,67.17,85,7.92,0,SD
314,Sisimiut,1608352307,-53.67,66.94,16.72,95,4.25,100,GL
315,Guerrero Negro,1608352307,-114.06,27.98,55.08,86,3.74,45,MX
316,Emerald,1608352307,148.17,-23.53,95.0,44,6.93,4,AU
317,Omboué,1608352307,9.26,-1.57,76.44,89,5.55,99,GA
318,Moerai,1608352307,-151.33,-22.43,76.51,79,9.62,100,PF
319,Faya,1608352307,42.45,18.39,50.0,76,4.7,0,SA
320,Pangoa,1608352308,-73.0,-12.12,67.71,94,2.73,52,PE
321,Grand Junction,1608352119,-108.55,39.06,30.99,86,0.92,90,US
322,Zhangjiakou Shi Xuanhua Qu,1608352308,115.04,40.61,21.6,76,5.12,0,CN
323,Khandyga,1608352308,135.6,62.67,-41.37,80,2.17,100,RU
324,Awjilah,1608352308,21.29,29.11,52.03,83,7.76,36,LY
325,Umluj,1608352215,37.27,25.02,70.43,36,11.63,10,SA
326,Siilinjärvi,1608352308,27.67,63.08,24.8,92,6.93,90,FI
327,Port Macquarie,1608352308,152.92,-31.43,72.0,100,10.29,90,AU
328,Taylor,1608352168,-99.83,32.3,55.4,71,6.93,1,US
329,Gladstone,1608352309,151.25,-23.85,86.0,51,13.87,28,AU
330,Monrovia,1608352309,-10.8,6.3,73.4,94,2.26,75,LR
331,Sechura,1608352309,-80.82,-5.56,70.14,77,11.77,89,PE
332,Padang,1608352309,100.35,-0.95,84.36,63,4.74,97,ID
333,Fengcheng,1608352309,124.07,40.45,20.35,66,2.13,0,CN
334,Teningen,1608352309,7.81,48.13,41.0,94,2.86,0,DE
335,Kushima,1608352255,131.23,31.46,51.8,43,13.87,75,JP
336,Lakes Entrance,1608352309,147.98,-37.88,68.0,52,5.01,2,AU
337,Shambu,1608352309,37.1,9.57,54.45,58,2.93,6,ET
338,North Vanlaiphai,1608352309,93.07,23.13,70.0,24,1.39,0,IN
339,Aklavik,1608352310,-135.01,68.22,-27.4,74,1.12,100,CA
340,Koz'modem'yansk,1608352310,46.57,56.34,-0.4,84,4.47,0,RU
341,Kushiro,1608352258,144.37,42.98,24.8,25,13.87,40,JP
342,Tucumã,1608352095,-50.05,-0.18,77.2,90,5.77,68,BR
343,Kangaatsiaq,1608352310,-53.46,68.31,15.55,96,7.9,100,GL
344,Hong Kong,1608352142,114.16,22.29,62.01,58,8.99,63,HK
345,Vizinga,1608352310,50.1,61.07,1.38,91,3.62,0,RU
346,Monte Patria,1608352310,-70.95,-30.69,52.95,57,1.16,0,CL
347,Coyhaique,1608352310,-72.07,-45.58,46.4,81,4.7,0,CL
348,Kumul,1608352310,93.45,42.8,26.22,71,0.72,40,CN
349,Spring Valley,1608352310,-115.25,36.11,51.8,31,4.7,20,US
350,Hiratachō,1608352310,132.82,35.43,44.6,75,17.22,75,JP
351,Puerto Cabezas,1608352311,-83.39,14.04,75.65,88,9.4,61,NI
352,Greenville,1608352124,-77.37,35.61,32.0,84,4.34,1,US
353,Bubaque,1608352311,-15.83,11.28,80.15,53,16.06,85,GW
354,Palmer,1608352311,-72.33,42.16,12.2,72,3.33,20,US
355,Were Īlu,1608352311,39.43,10.6,51.31,48,6.26,7,ET
356,Province of Mantua,1608352311,10.78,45.17,43.0,97,1.99,94,IT
357,Linqiong,1608352311,103.46,30.42,48.2,45,2.24,20,CN
358,Flinders,1608352311,150.86,-34.58,66.99,81,1.01,100,AU
359,Ol'ga,1608352311,135.29,43.74,7.74,73,18.1,43,RU
360,Pitimbu,1608352312,-34.81,-7.47,78.8,83,5.82,20,BR
361,Saint-Leu,1608352312,55.28,-21.15,82.4,65,5.82,0,RE
362,Batiano,1608352312,126.49,7.55,79.9,81,4.45,71,PH
363,Dashitou,1608352312,128.51,43.31,7.68,76,15.7,0,CN
364,Adrar,1608352312,-10.07,20.5,54.16,41,10.02,0,MR
365,Jiayuguan City,1608352312,98.3,39.82,19.8,83,1.97,2,CN
366,Nicoya,1608352203,-85.45,10.15,75.2,78,5.82,0,CR
367,Malye Derbety,1608352312,44.68,47.95,30.36,94,3.13,100,RU
368,Hyères,1608352312,6.12,43.12,55.4,87,6.93,90,FR
369,Nouadhibou,1608352312,-17.03,20.93,60.8,77,18.34,0,MR
370,Haines Junction,1608352312,-137.51,60.75,-4.0,76,1.12,100,CA
371,Kommunisticheskiy,1608352313,64.48,61.68,1.87,92,6.17,36,RU
372,Beira,1608352313,34.84,-19.84,82.4,88,6.93,40,MZ
373,Fortuna,1608352313,-124.16,40.6,46.0,100,6.93,1,US
374,Korla,1608352313,86.15,41.76,24.73,87,6.26,68,CN
375,Porto-Novo,1608352035,2.6,6.5,77.54,89,2.35,28,BJ
376,Morristown,1608352303,-83.29,36.21,32.0,80,3.22,79,US
377,Paamiut,1608352313,-49.67,61.99,25.02,95,13.56,100,GL
378,Jega,1608352313,4.38,12.22,66.88,25,8.86,0,NG
379,Awka,1608352313,7.07,6.21,77.0,88,2.15,20,NG
380,North Myrtle Beach,1608352046,-78.68,33.82,35.6,70,7.58,1,US
381,Turiaçu,1608352313,-45.37,-1.66,76.17,88,4.74,67,BR
382,Veszprém,1608352314,17.91,47.09,35.01,91,1.99,7,HU
383,Challapata,1608352314,-66.77,-18.9,50.79,59,4.25,92,BO
384,Ilulissat,1608352314,-51.1,69.22,17.6,72,8.05,100,GL
385,Shouguang,1608352314,118.74,36.88,35.11,64,6.31,0,CN
386,Soure,1608352314,-48.52,-0.72,80.04,81,9.26,39,BR
387,Jinxiang,1608352314,120.61,27.43,48.7,68,12.91,94,CN
388,Mpika,1608352314,31.45,-11.83,65.23,89,2.17,52,ZM
389,Siguiri,1608352314,-9.5,11.67,69.57,30,3.33,31,GN
390,Batemans Bay,1608352314,150.18,-35.72,64.0,84,1.01,97,AU
391,George Town,1608352190,100.34,5.41,84.2,74,4.7,20,MY
392,Baykit,1608352315,96.37,61.67,13.26,92,8.59,100,RU
393,Roald,1608352315,6.13,62.58,53.6,71,8.05,99,NO
394,Senador José Porfírio,1608352315,-51.95,-2.59,74.03,92,3.4,65,BR
395,Burgos,1608352315,-3.71,42.34,41.0,93,9.17,75,ES
396,Ampanihy,1608352315,44.75,-24.7,83.93,45,4.09,73,MG
397,Sørland,1608352315,12.69,67.67,40.77,71,12.17,100,NO
398,Kanniyākumāri,1608352315,77.57,8.08,80.22,75,27.22,97,IN
399,Praia,1608352315,-23.51,14.92,71.6,68,20.8,20,CV
400,Kloulklubed,1608352315,134.26,7.04,82.4,83,17.56,90,PW
401,Kirakira,1608352315,161.92,-10.45,84.09,73,1.21,82,SB
402,Sioux Lookout,1608352162,-91.92,50.1,5.0,77,9.17,20,CA
403,Takoradze,1608352316,-1.76,4.88,77.83,87,7.09,88,GH
404,Sibolga,1608352036,98.78,1.74,82.89,67,3.31,99,ID
405,Kuusamo,1608352239,29.18,65.97,17.6,85,4.7,75,FI
406,Plouzané,1608352131,-4.62,48.38,51.8,87,20.8,96,FR
407,Wichita,1608352316,-97.34,37.69,39.2,80,9.17,20,US
408,Bjørnevatn,1608352316,29.98,69.67,15.8,92,13.87,83,NO
409,Guozhen,1608352236,107.36,34.37,40.66,54,1.97,100,CN
410,Solnechnyy,1608352316,136.63,50.72,-0.92,83,2.06,45,RU
411,Karasburg,1608352317,18.75,-28.02,73.92,33,4.21,0,NA
412,Abu Dhabi,1608352092,54.37,24.47,64.4,72,3.36,0,AE
413,Garden City,1608352317,-83.33,42.33,32.0,79,9.17,75,US
414,Vardø,1608352317,31.11,70.37,22.53,94,5.28,70,NO
415,Jiangyou,1608352317,104.72,31.77,47.25,49,2.93,77,CN
416,Kiryat Gat,1608352264,34.76,31.61,54.0,93,2.24,0,IL
417,Masuguru,1608352317,38.42,-11.37,81.64,68,1.72,43,TZ
418,Kavieng,1608352174,150.8,-2.57,84.74,74,9.55,85,PG
419,Mandalgovi,1608352317,106.27,45.76,9.45,86,7.58,0,MN
420,Narsaq,1608352248,-46.05,60.92,26.6,68,8.05,100,GL
421,La Libertad,1608352317,-80.9,-2.23,71.6,88,9.17,0,EC
422,Bonavista,1608352317,-53.11,48.65,30.2,100,3.36,95,CA
423,Malakal,1608352110,31.66,9.53,69.22,29,6.96,43,SS
424,Los Llanos de Aridane,1608352318,-17.92,28.66,64.4,68,5.82,90,ES
425,Hearst,1608352318,-83.67,49.68,32.0,98,10.29,100,CA
426,Balkanabat,1608352318,54.37,39.51,42.67,67,1.19,11,TM
427,Sémbé,1608352318,14.58,1.65,70.21,91,1.92,90,CG
428,Inhambane,1608352318,35.38,-23.86,73.4,94,9.06,75,MZ
429,Lima,1608352103,-77.03,-12.04,68.0,82,9.17,0,PE
430,Severomuysk,1608352318,113.43,56.15,-3.78,92,3.76,92,RU
431,Terekli-Mekteb,1608352318,45.87,44.17,34.12,86,3.18,87,RU
432,Dhemāji,1608352318,94.58,27.48,66.2,68,3.36,20,IN
433,Sept-Îles,1608352142,-66.38,50.2,17.6,78,3.36,0,CA
434,Krasnosel'kup,1608352318,82.47,65.7,-14.76,88,14.2,98,RU
435,Scarborough,1608352027,-0.4,54.28,52.0,89,4.0,100,GB
436,Port Blair,1608352319,92.75,11.67,82.98,74,16.75,99,IN
437,Kandrian,1608352319,149.55,-6.22,85.32,75,5.28,48,PG
438,La Ronge,1608352319,-105.28,55.1,-9.4,76,8.05,100,CA
439,Folkestone,1608352319,1.18,51.08,52.0,89,7.0,97,GB
440,Bengkulu,1608352309,102.27,-3.8,82.36,70,5.93,100,ID
441,Pitiquito,1608352319,-112.08,30.7,54.0,41,1.01,0,MX
442,Alberton,1608352319,-64.07,46.82,30.2,86,23.04,100,CA
443,Belyy Yar,1608352319,91.39,53.6,26.6,58,8.95,0,RU
444,Bud,1608352319,-86.18,39.45,32.0,95,8.05,1,US
445,Adra,1608352320,-3.02,36.75,50.0,81,8.05,40,ES
446,Rio Grande,1608352320,-52.1,-32.03,73.0,84,5.01,0,BR
447,Chardara,1608352320,67.97,41.25,41.22,66,13.49,100,KZ
448,Santa Luzia,1608352026,-43.85,-19.77,69.8,83,0.65,100,BR
449,Tripoli,1608352320,13.19,32.88,59.88,66,16.26,11,LY
450,Bandar-e Lengeh,1608352320,54.88,26.56,68.0,68,4.7,69,IR
451,Mandera,1608352320,41.87,3.94,82.18,57,13.65,7,KE
452,Paramonga,1608352320,-77.83,-10.67,66.9,87,4.79,99,PE
453,Finschhafen,1608352320,147.87,-6.6,86.52,69,8.7,86,PG
454,Colesberg,1608352320,25.1,-30.72,70.16,62,8.32,0,ZA
455,Ostrovnoy,1608352320,39.51,68.05,22.84,95,28.19,100,RU
456,Killam,1608352320,-111.85,52.78,14.0,85,10.29,93,CA
457,Teonthar,1608352321,81.65,24.98,64.51,28,5.91,0,IN
458,Mackay,1608352321,149.2,-21.15,91.0,66,16.11,23,AU
459,Artigas,1608352321,-56.47,-30.4,75.92,61,9.8,4,UY
460,Yeppoon,1608352321,150.73,-23.13,93.2,44,6.93,40,AU
461,Belaya Gora,1608352321,146.42,68.53,-20.11,88,1.7,99,RU
462,Alabaster,1608352163,-86.82,33.24,36.0,86,2.98,1,US
463,Colares,1608352321,-9.45,38.8,57.99,100,14.0,99,PT
464,Casillas,1608352321,-90.24,14.42,60.8,93,18.34,75,GT
465,Havre-St-Pierre,1608352322,-63.6,50.23,6.8,92,7.76,1,CA
466,Morondava,1608352322,44.28,-20.28,83.88,60,3.0,70,MG
467,Keti Bandar,1608352322,67.45,24.14,70.18,22,15.26,0,PK
468,Spasskoye,1608352322,132.8,44.61,4.3,82,13.87,99,RU
469,Seoul,1608352127,126.98,37.57,30.2,23,6.58,1,KR
470,Erzin,1608352322,36.2,36.96,51.01,72,11.99,15,TR
471,Cap Malheureux,1608352322,57.61,-19.98,80.01,73,8.01,3,MU
472,Naryan-Mar,1608352322,53.09,67.67,14.63,94,20.69,100,RU
473,Nome,1608352322,-165.41,64.5,1.4,54,6.93,90,US
474,Itamaracá,1608352323,-34.83,-7.75,77.0,73,9.17,75,BR
475,Richards Bay,1608352323,32.04,-28.78,75.76,77,9.28,2,ZA
476,Pontes e Lacerda,1608352323,-59.34,-15.23,73.09,74,2.53,60,BR
477,Litovko,1608352323,135.17,49.24,0.84,70,4.59,0,RU
478,Vysha,1608352323,42.38,53.85,15.91,95,6.67,100,RU
479,Goderich,1608352323,-81.72,43.75,26.6,79,6.93,99,CA
480,Endwell,1608352323,-76.02,42.11,10.99,92,5.82,1,US
481,Port Hedland,1608352323,118.57,-20.32,93.2,67,11.41,49,AU
482,Tondano,1608352323,124.91,1.3,91.4,55,8.05,20,ID
483,Telfs,1608352323,11.07,47.3,23.0,100,1.12,0,AT
484,Ubaitaba,1608352324,-39.32,-14.31,70.79,96,0.98,31,BR
485,Port Augusta,1608352324,137.77,-32.5,82.99,36,11.41,100,AU
486,Vietri sul Mare,1608352324,14.73,40.67,48.99,73,4.0,95,IT
487,Bagdarin,1608352324,113.6,54.43,1.67,81,1.68,100,RU
488,Trairi,1608352276,-39.27,-3.28,79.12,76,10.38,19,BR
489,Rocha,1608352324,-54.33,-34.48,66.15,86,11.39,0,UY
490,Atar,1608352324,-13.05,20.52,57.87,36,10.33,0,MR
491,Kamaishi,1608352324,141.88,39.27,26.6,73,4.7,75,JP
492,Abnūb,1608352324,31.15,27.27,46.4,75,8.05,0,EG
493,Puno,1608352324,-70.03,-15.83,44.96,75,4.61,100,PE
494,Niterói,1608352320,-43.1,-22.88,77.0,83,6.93,40,BR
495,Namatanai,1608352325,152.43,-3.67,84.4,71,8.5,15,PG
496,Dwārka,1608352325,68.97,22.24,73.54,44,15.73,25,IN
497,Dauphin,1608352325,-100.05,51.15,1.4,85,6.93,1,CA
498,NEDJO,1608352325,35.5,9.5,60.98,47,2.73,50,ET
499,Gravdal,1608352325,13.5,68.12,38.8,75,11.05,100,NO
500,Kushmurun,1608352325,64.63,52.45,17.17,97,4.92,100,KZ
501,Pangnirtung,1608352325,-65.71,66.15,-4.72,81,3.8,7,CA
502,Pochutla,1608352325,-96.47,15.74,75.0,81,2.42,21,MX
503,Samaná,1608352325,-69.34,19.21,74.79,89,6.17,10,DO
504,Moyale,1608352325,39.06,3.52,72.59,56,8.01,9,KE
505,Senno,1608352326,33.92,59.53,24.1,97,9.71,100,RU
506,Lloydminster,1608352326,-110.0,53.28,3.2,77,11.41,75,CA
507,Ipixuna,1608352326,-48.8,-1.76,78.8,88,4.7,0,BR
508,Srednekolymsk,1608352326,153.68,67.45,-24.75,87,2.17,65,RU
509,Kamenka,1608352326,42.77,51.32,18.23,97,6.49,99,RU
510,Preobrazheniye,1608352326,133.91,42.9,11.66,73,18.75,0,RU
511,Moss Point,1608352326,-88.53,30.41,39.2,86,6.44,1,US
512,Morón,1608352326,-58.62,-34.65,81.0,78,5.99,93,AR
513,Karabulak,1608352326,44.9,43.3,33.8,86,6.71,90,RU
514,Ambilobe,1608352326,49.05,-13.2,83.19,67,2.71,82,MG
515,Beatrice,1608352326,-96.75,40.27,34.0,86,14.99,1,US
516,Las Vegas,1608352260,-115.14,36.17,51.8,27,11.41,1,US
517,Raton,1608352327,-104.44,36.9,28.4,74,13.87,1,US
518,Bisceglie,1608352327,16.5,41.24,48.0,93,5.82,0,IT
519,Gao,1608352327,1.64,16.64,67.53,26,4.45,49,ML
520,Rubtsovsk,1608352097,81.25,51.5,15.8,89,22.28,98,RU
521,Manaure,1608352327,-72.44,11.78,79.45,79,15.66,1,CO
522,Alugan,1608352327,125.48,12.22,80.53,85,20.58,100,PH
523,Umm Kaddadah,1608352327,26.69,13.6,56.52,38,11.83,81,SD
524,Japura,1608352327,102.35,-0.32,87.21,60,6.46,100,ID
525,Gobabis,1608352328,18.97,-22.45,68.0,72,1.12,100,NA
526,Kokstad,1608352328,29.42,-30.55,65.97,83,2.46,36,ZA
527,Bagan,1608352328,77.66,54.1,12.06,94,13.06,100,RU
528,Sinnamary,1608352328,-52.95,5.38,78.06,86,11.27,97,GF
529,Lata,1608352328,-8.33,40.16,55.99,94,3.18,91,PT
530,Inírida,1608352328,-67.92,3.87,71.83,97,2.19,97,CO
531,Manavālakurichi,1608352328,77.3,8.13,86.0,66,4.7,20,IN
532,Tommot,1608352329,126.29,58.96,-8.09,88,1.63,100,RU
533,Podyuga,1608352329,40.86,61.09,12.43,90,9.17,96,RU
534,Korem,1608352329,39.52,12.51,50.29,63,2.33,45,ET
535,Sabzawār,1608352206,57.68,36.21,39.2,100,4.97,75,IR
536,Cuitzeo (La Estancia),1608352329,-102.78,20.33,62.01,54,1.95,5,MX
537,Presidencia Roque Sáenz Peña,1608352329,-60.44,-26.79,81.0,85,3.0,15,AR
538,Les Cayes,1608352329,-73.75,18.2,73.62,80,5.28,28,HT
539,Filingué,1608352329,3.32,14.35,70.03,23,7.56,2,NE
540,Shingū,1608352329,135.98,33.73,46.4,65,13.87,40,JP
541,Ferme-Neuve,1608352329,-75.45,46.7,1.4,91,2.51,0,CA
542,Pshekhskaya,1608352330,39.8,44.7,33.8,100,2.24,90,RU
543,Mandalay,1608352142,96.08,21.97,71.6,68,3.36,0,MM
544,Matara,1608352330,80.54,5.95,83.61,68,11.92,94,LK
545,Westerland,1608352330,8.3,54.91,42.8,87,17.22,68,DE
546,Havelock,1608352330,-76.9,34.88,37.0,82,5.86,1,US
547,Tomatlán,1608352330,-105.25,19.93,66.88,71,3.53,47,MX
548,Chegdomyn,1608352330,133.02,51.12,-14.17,81,1.36,41,RU
549,Nyurba,1608352330,118.33,63.28,-13.85,89,2.75,97,RU
550,Pedasí,1608352330,-80.03,7.53,79.07,82,16.02,49,PA
551,Blagoveshchensk,1608352331,127.53,50.27,1.4,49,6.71,0,RU
552,Quatre Cocos,1608352331,57.76,-20.21,80.6,83,11.41,40,MU
553,Chumikan,1608352331,135.31,54.72,-10.14,80,19.91,100,RU
554,Qui Nhon,1608352273,109.23,13.77,73.78,87,24.07,100,VN
555,Udachny,1608352331,112.4,66.42,-22.0,74,4.47,90,RU
556,Qasigiannguit,1608352331,-51.19,68.82,17.6,72,8.05,99,GL
557,Poconé,1608352331,-56.62,-16.26,79.02,67,4.0,45,BR
558,Cairo,1608352099,31.25,30.06,55.0,93,3.36,0,EG
559,Spokane,1608352331,-117.37,47.62,41.0,95,10.29,1,US
560,Vyazemskiy,1608352332,134.75,47.54,-1.48,75,9.28,83,RU
561,Oranjestad,1608352321,-70.03,12.52,80.6,78,18.34,20,AW
562,Alice Springs,1608352159,133.88,-23.7,100.4,19,13.87,8,AU
563,Hwange,1608352332,26.5,-18.37,71.11,92,9.84,80,ZW
564,Maputo,1608352332,32.59,-25.97,75.0,88,6.93,40,MZ
565,Wilmington Island,1608352332,-80.97,32.0,48.99,86,6.73,1,US
566,Pustoshka,1608352332,29.37,56.34,35.15,97,5.77,100,RU
567,São Félix do Xingu,1608352332,-51.99,-6.64,72.86,82,1.14,12,BR
568,Taguatinga,1608352332,-46.57,-12.39,76.44,65,1.25,92,BR
569,Mahibadhoo,1608352332,72.97,3.78,83.17,77,14.5,27,MV
570,Jiujiang,1608352333,115.98,29.73,46.62,53,15.77,0,CN
571,Laas,1608352333,10.7,46.62,30.99,85,2.77,5,IT
572,Departamento de Maldonado,1608352333,-54.92,-34.67,73.0,83,11.41,0,UY
573,Kyra,1608352333,111.98,49.58,10.36,81,4.16,28,RU
574,Aksarka,1608352333,67.8,66.56,-3.77,87,7.45,22,RU
575,Bouar,1608352333,15.6,5.93,60.44,37,0.72,79,CF
576,Olinda,1608352333,-34.86,-8.01,77.0,73,9.17,75,BR
577,Severnoye,1608352333,78.36,56.35,19.15,97,10.18,100,RU
578,Songjianghe,1608352333,127.48,42.19,9.77,65,8.77,0,CN
579,Poltavka,1608352333,71.76,54.37,18.28,98,5.97,100,RU
580,Tefé,1608352333,-64.71,-3.35,73.85,98,3.09,100,BR
581,Andros Town,1608352334,-77.77,24.7,71.6,64,11.41,75,BS
582,San Jose,1608352221,-121.89,37.34,48.99,61,2.62,5,US
583,Maniitsoq,1608352334,-52.9,65.42,18.54,88,5.59,100,GL
584,Béboto,1608352334,16.94,8.27,63.37,29,1.25,100,TD
585,Srīvardhan,1608352170,73.02,18.03,80.53,44,5.73,33,IN
586,Mahalapye,1608352334,26.81,-23.1,65.1,93,12.41,100,BW
587,Dravograd,1608352334,15.02,46.59,33.01,98,1.99,79,SI
588,Adamantas,1608352334,24.43,36.73,55.4,71,13.87,80,GR
589,Novovarshavka,1608352334,74.69,54.17,14.54,96,9.86,100,RU
590,Linhares,1608352334,-40.07,-19.39,72.27,97,3.42,100,BR
591,Warrnambool,1608352335,142.48,-38.38,56.98,62,9.93,100,AU
592,Vanavara,1608352335,102.28,60.34,16.09,96,11.23,100,RU
593,Evensk,1608352335,159.23,61.95,3.47,84,12.21,100,RU
594,Dawei,1608352335,98.2,14.08,87.01,47,9.01,73,MM
595,Shenzhen,1608352309,114.07,22.55,60.01,66,3.0,55,CN
596,Krutinka,1608352335,71.51,56.01,7.79,95,9.31,100,RU
597,Oranjemund,1608352335,16.43,-28.55,62.38,85,8.77,89,NA
598,Aden,1608352335,45.04,12.78,79.61,76,19.01,96,YE
599,Taksimo,1608352335,114.88,56.34,-7.82,85,1.7,95,RU
600,Kirksville,1608352294,-92.58,40.19,46.99,56,10.29,90,US
601,Kasongo-Lunda,1608352335,16.82,-6.47,68.18,92,1.36,73,CD
602,Okakarara,1608352336,17.43,-20.58,73.13,58,5.32,30,NA
603,Cizre,1608352336,42.19,37.33,35.6,100,10.29,0,TR
604,Oskarshamn,1608352336,16.45,57.26,44.01,93,5.99,94,SE
605,Milak,1608352336,79.18,28.62,60.13,32,7.78,0,IN
606,Lamar,1608352336,-95.58,33.67,54.0,71,9.17,90,US
607,Skjervøy,1608352336,20.97,70.03,33.71,77,9.71,72,NO
608,Pringsewu,1608352336,104.97,-5.36,87.13,60,2.55,100,ID
609,Prainha,1608352336,-53.48,-1.8,73.99,93,2.89,38,BR
610,Savannah Bight,1608352336,-85.85,16.45,77.0,89,16.96,8,HN
611,Batagay,1608352337,134.63,67.63,-34.46,81,2.59,96,RU
612,Storforshei,1608352337,14.52,66.4,25.25,91,5.17,84,NO
613,Kharar,1608352162,76.65,30.74,53.64,38,6.38,0,IN
614,Colchester,1608352161,0.9,51.89,50.0,87,10.0,100,GB
615,Palekastro,1608352337,26.25,35.2,57.99,68,12.39,87,GR
616,Hofn,1608352337,-15.21,64.25,41.97,74,10.0,100,IS
617,Rongcheng,1608352337,117.85,30.63,46.0,67,7.58,2,CN
618,Cañon City,1608352337,-105.24,38.44,32.0,92,4.7,90,US
619,Magadan,1608352337,150.8,59.57,-2.27,84,11.27,100,RU
620,Amparafaravola,1608352337,48.22,-17.58,73.33,65,3.56,54,MG
621,Arroyo de la Encomienda,1608352337,-4.8,41.61,44.01,93,10.29,75,ES
622,Nhulunbuy,1608352338,136.77,-12.23,78.8,88,8.05,75,AU
623,Bara,1608352338,10.73,10.37,62.87,36,3.8,25,NG
624,San Juan,1608352338,-68.54,-31.54,68.49,44,14.5,2,AR
625,Kununurra,1608352338,128.73,-15.77,80.6,100,9.17,90,AU
626,Farnes,1608352338,7.8,61.32,40.75,80,5.57,100,NO
627,Nísia Floresta,1608352078,-35.21,-6.09,78.8,78,10.29,40,BR
628,Buenavista,1608352338,125.41,8.98,87.51,68,7.23,98,PH
629,Gorom-Gorom,1608352338,-0.24,14.44,68.9,25,4.25,38,BF
630,Puerto Madryn,1608352338,-65.04,-42.77,62.4,60,10.07,84,AR
631,Bolgar,1608352338,49.07,54.95,1.4,84,4.47,30,RU
632,Mehamn,1608352338,27.85,71.04,21.45,96,8.25,87,NO
633,Hurghada,1608352338,33.81,27.26,60.8,67,10.29,0,EG
634,Ulladulla,1608352339,150.47,-35.35,64.4,72,8.05,90,AU
635,Kalabo,1608352339,22.68,-14.97,68.76,91,6.76,100,ZM
636,Thunder Bay,1608352105,-89.32,48.4,32.0,96,5.82,90,CA
637,Gweta,1608352339,25.23,-20.18,71.51,82,15.57,100,BW
638,Egvekinot,1608352339,-179.17,66.32,-4.56,88,17.13,37,RU
639,Brigantine,1608352339,-74.36,39.41,28.99,73,8.05,1,US
640,Pontianak,1608352253,109.33,-0.03,84.16,72,6.93,96,ID
641,Aljezur,1608352339,-8.8,37.32,57.0,100,5.01,100,PT
642,Zhuangyuan,1608352340,120.83,37.3,32.05,83,13.27,3,CN
643,Kaeo,1608352340,173.78,-35.1,70.12,59,5.12,11,NZ
644,Buala,1608352340,159.59,-8.14,82.4,76,6.46,100,SB
645,Plainview,1608352340,-73.47,40.78,27.0,53,9.17,1,US
646,Dagestanskiye Ogni,1608352340,48.19,42.12,40.59,77,2.04,96,RU
647,Ambovombe,1608352340,46.08,-25.17,82.31,54,4.83,86,MG
648,Mezhdurechenskiy,1608352340,65.93,59.6,0.59,92,6.15,3,RU
649,Nemuro,1608352340,145.57,43.32,21.2,57,8.05,20,JP
650,Kantunilkín,1608352340,-87.45,21.09,77.0,69,10.29,20,MX
651,Beringovskiy,1608352340,179.32,63.05,-1.61,92,13.89,96,RU
652,Makokou,1608352340,12.86,0.57,69.33,97,2.33,89,GA
653,Mingora,1608352341,72.36,34.78,51.87,33,6.13,8,PK
654,Olafsvik,1608352341,-23.71,64.89,33.06,90,41.03,100,IS
655,Mil'kovo,1608352341,158.62,54.72,10.83,95,1.77,96,RU
656,Kaifeng,1608352341,114.35,34.79,41.0,25,6.71,0,CN
657,Myitkyina,1608352341,97.4,25.38,76.26,39,2.42,0,MM
658,Bucak,1608352341,30.59,37.46,53.01,73,5.82,90,TR
659,Aquiraz,1608352341,-38.39,-3.9,80.6,78,10.29,75,BR
660,Kota Belud,1608352341,116.43,6.35,86.0,74,9.17,20,MY
661,Mbigou,1608352341,11.91,-1.9,67.82,97,0.47,97,GA
662,Kimbe,1608352341,150.14,-5.55,84.9,75,3.78,82,PG
663,Vila Velha,1608352342,-40.29,-20.33,78.8,83,8.05,75,BR
664,Kungurtug,1608352342,97.52,50.6,11.25,84,1.1,100,RU
665,Koumra,1608352342,17.55,8.91,66.81,25,4.18,100,TD
666,Tiznit Province,1608352342,-9.5,29.58,51.8,69,1.32,0,MA
667,Carutapera,1608352342,-46.02,-1.2,77.47,87,5.57,22,BR
668,Grand Gaube,1608352342,57.66,-20.01,80.01,73,8.01,4,MU
669,Katherine,1608352342,132.27,-14.47,91.4,55,16.11,75,AU
670,Kalashnikovo,1608352343,35.23,57.28,27.34,99,8.01,100,RU
671,Corning,1608352077,-77.05,42.14,12.99,84,2.06,1,US
672,Boguchany,1608352343,97.45,58.38,22.06,93,14.74,100,RU
673,City of San Pedro,1608352249,121.02,14.35,81.0,83,1.12,90,PH
674,Tulagi,1608352343,160.15,-9.1,78.8,94,5.82,90,SB
675,Kastamonu Province,1608352343,33.67,41.5,34.75,93,2.73,93,TR
676,Dudinka,1608352343,86.18,69.41,-9.4,83,6.71,40,RU
677,Verkhnevilyuysk,1608352343,120.32,63.45,-22.31,87,3.56,50,RU
678,Zhigansk,1608352343,123.37,66.77,-41.66,80,9.4,94,RU
679,Águas Vermelhas,1608352060,-41.46,-15.75,64.31,95,1.45,22,BR
680,Tessalit,1608352343,1.01,20.2,60.62,30,5.3,0,ML
681,Ankazobe,1608352343,47.12,-18.32,68.0,82,3.36,20,MG
682,Te Kauwhata,1608352344,175.15,-37.4,77.0,91,8.99,66,NZ
683,San Jerónimo,1608352344,-75.28,-11.95,49.73,73,0.11,100,PE
684,Tabou,1608352344,-7.35,4.42,77.77,84,6.33,95,CI
685,Klyuchi,1608352344,79.17,52.27,17.31,93,13.76,100,RU
686,Căpâlniţa,1608352344,25.52,46.37,34.0,94,1.7,20,RO
687,Maxixe,1608352344,35.35,-23.86,73.4,94,7.94,75,MZ
